2;Virsikirja;0
1;Kirkkovuosi;0
0;Adventti;0
0;Joulu;15
0;Uudenvuodenpäivä;36
0;Loppiainen;43
0;Kynttilänpäivä ja Marian ilmestyspäivä;48
0;Kristuksen kärsimys ja kuolema;54
0;Pääsiäinen;85
0;Kristuksen taivaaseenastuminen;109
0;Helluntai;114
0;Pyhä Kolminaisuus;129
0;Mikkelinpäivä;139
0;Pyhäinpäivä;143
0;Kirkkovuoden päätös;151
1;Jumalanpalveluselämä;167
0;Kristuksen seurakunta;167
0;Pyhä kaste;219
0;Pyhä ehtoollinen;226
0;Konfirmaatio;241
0;Avioliitto;246
0;Hautaus;251
0;Kirkon virka, vihkimys- ja siunaustoimitukset;260
1;Elämä Kristuksessa;266
0;Jumalan armo Kristuksessa;266
0;Katumus ja rippi;287
0;Usko Jeesukseen;303
0;Kiitos ja ylistys;333
0;Ahdistukset ja lohdutus;362
0;Jumalan varjelus ja johdatus;391
0;Kutsu ja kuuliaisuus;415
0;Lähetys;436
0;Palvelu;449
0;Yhteys;463
1;Elämä Jumalan maailmassa;474
0;Jumalan luomistyö;474
0;Koti ja perhe;483
0;Ateria;491
0;Terveys ja sairaus;497
0;Koulu ja opiskelu;504
0;Lapset;510
0;Nuoret;524
0;Työ;538
0;Vanhuus;546
0;Aamu ja ilta;552
0;Vuodenajat;587
0;Isänmaa;597
0;Rauha ja vapaus;606
0;Matkalla ja siirtolaisena;613
0;Muuttuva maailma;618
1;Kuolema ja iankaikkisuus;624
0;Kuolema ja iankaikkisuus;624
2;Luterilaisia virsiä;655
1;I JUMALAN SANA;655
0;Pyhä Raamattu;655
0;Psalmivirret;659
1;II JUMALAN SANAN TIIVISTELMÄ - KATEKISMUSVIRRET;679
0;Kymmenen käskyä;679
0;Uskontunnustus;680
0;Pyhä kaste;681
0;Katumus ja rippi;687
0;Herran pyhä ehtoollinen;690
1;III JUMALAN SANA SYNNYTTÄÄ SEURAKUNNAN;706
0;Kirkkovuosi;706
0;Jumalanpalvelus;760
0;Kirkko ja lähetys;765
1;IV JUMALAN SANA SYNNYTTÄÄ USKON JA ELÄMÄN;775
0;Jumalan armo Kristuksessa;775
0;Kiitos, tunnustus ja ylistys;797
0;Jumalan johdatus;811
0;Risti ja vastoinkäymiset;819
0;Lapset;830
0;Aamu ja ilta;834
1;V JUMALAN SANAN TÄYTTYMYS;845
0;Kuolema;845
0;Ylösnousemus ja iankaikkinen elämä;849
